ID,决策,内容,依据材料,暴露准则,证据等级,复核,理由
D01,定价结构,素签 0.5–0.8 元 / 荤签 1–1.5 元 / 招牌鲜切牛肉签 2–3 元，锅底 15–20 元/位，人均 55–65 元（比对手高约 10 元但贵得可见）,data/火锅串串.md（探店实测修正后）,G01;G02,L1,未复核,
D02,差异化定位,鲜切现串错位竞争，不跟对手拼低价,README.md;docs/AI 辅助开店.md,G02,L0,未复核,
D03,三步走,摆摊（1.5–3 万）→ 档口店（3–5 万）→ 大店（15–25 万，可选），每步达标才进下一步,data/火锅串串.md,G03;G04,L0,未复核,
D04,摆摊达标线,连续 4 周日均 150 签才进档口阶段,data/火锅串串.md,G03,L0,未复核,
D05,档口达标线,月营业额 4.5 万+、净利率 ≥15%、月租 ≤3500 元,data/火锅串串.md,G03,L0,未复核,
D06,摆摊选址顺序,丰全巷学院美食街 → 恒昌广场夜市 → 紫金广场夜市，按序试,data/火锅串串.md,G01,L0,未复核,
D07,档口选址,社区出入口第二、三个铺位,data/火锅串串.md,G01,L0,未复核,
D08,纪律：不降价,不降价参战，守住品质带（对手 5 毛也不跟）,data/火锅串串.md,G02,L0,未复核,
D09,纪律：不借钱,不借钱升级，每步用上一步的利润,data/火锅串串.md,G04,L0,未复核,
D10,纪律：损耗控制,每天盘点，损耗必须压在 10% 以内,data/火锅串串.md,G10,L0,未复核,
D11,风险底线,第一阶段摆摊失败最多亏 2 万出局，不押大钱,data/火锅串串.md,G04,L0,未复核,
D12,底料采购渠道,1688 搜重庆/成都产地直发，必须带 SC 证，成交 1000+ 单、回头率 40%+，先买 3–5 家样品各 1–2 包,data/火锅串串.md,G08,L0,未复核,
D13,底料避坑,配料表第一位必须是牛油；要第三方检测报告（酸价/过氧化值）；低于 5 元/500g 视为香精勾兑一律跳过,data/火锅串串.md,G08,L0,未复核,
D14,盲测方案,同锅同量同配菜、2–3 天内测完、无标签盲编号、统一油碟、至少 3 人打分取平均、两轮淘汰、决赛扩到 5–6 人,data/火锅串串.md,G09;G07,L0,未复核,
D15,摆摊阶段产出,验证配方和客流，攒 300 个微信（产出是数据与客源，不是利润）,data/火锅串串.md,G05,L0,未复核,
D16,探店先行,本周去目标店再吃 2 次，带回 4 个数据：翻台率、荤签品类、锅底好坏、服务短板,data/火锅串串.md;docs/AI 辅助开店.md,G01;G06,L0,未复核,
