ID,准则,说明,来源决策,处置,理由
G01,本地锚点优先,本地实地数据（人均 48、5 毛/签）优先于通用模型输出；喂入本地数据后重评,D01;D06;D07;D16,候选,
G02,错位定价,不跟随低价竞争，让「贵在哪」对客人可见；对手价格不是我的定价依据,D01;D02;D08,候选,
G03,达标才进阶,每阶段设量化达标线，过线才投入下一阶段，不并行铺开,D03;D04;D05,候选,
G04,不借钱与风险封顶,只用上一阶段利润升级；每个阶段预设最大亏损额，亏到即停,D03;D09;D11,候选,
G05,验证优先于扩张,早期阶段的产出是数据与客源（配方、客流、微信），不是利润；用利润目标考核验证阶段会误判,D15,候选,
G06,数据质量决定 AI 上限,AI 结论一律 L0 待验证；本地数据到达才升 L1，实测才升 L2——论证再充分不改变证据等级,D16,候选,
G07,感官与现场归人,口味、盲测、现场、随机应变由人执行与裁决，AI 只提供流程与标准,D14,候选,
G08,采购三防线,SC 生产许可证、配料表牛油第一位、第三方检测报告缺一不可；价格低于成本线视为勾兑,D12;D13,候选,
G09,盲测控制变量,同锅同量同配菜、盲编号、多人打分、两轮淘汰——排除记忆与品牌偏见,D14,候选,
G10,损耗是纪律,每天盘点，损耗率当硬约束（≤10%）执行，不当事后分析指标,D10,候选,
